{"train/loss":0.0027,"train/grad_norm":0.03656719997525215,"_wandb":{"runtime":781},"_step":111,"train/on_policy_loss":0.0027,"_runtime":781,"_timestamp":1.7791182522205267e+09,"train/global_step":24,"profiling/Time taken: OPSDTrainer._generate_on_policy_outputs_vllm":10.58774418401299,"profiling/Time taken: OPSDTrainer.training_step":11.813085920002777,"train/epoch":0.006522625356706074,"train/learning_rate":4.9687500000000005e-06}